"","assigned_cluster_8","presence_of_topic1","presence_of_topic2","presence_of_topic3","presence_of_topic4","presence_of_topic5","presence_of_topic6","avg_n_topic1","avg_n_topic2","avg_n_topic3","avg_n_topic4","avg_n_topic5","avg_n_topic6","avg_n_comments","median_n_comments","n_authors"
"1","1",3610,3610,1282,0,1126,890,1.50720221606648,1.4185595567867,0.548753462603878,0,0.455124653739612,0.31218836565097,4.24182825484765,4,3610
"2","2",1661,5,8695,693,1081,800,0.250258769407706,0.000575043128234618,1.12765957446809,0.097757331799885,0.148246118458884,0.102012650948821,1.72650948821162,1,8695
"3","3",6490,6283,6294,6109,6853,6853,6.65008025682183,5.31139646869984,4.44710345833941,5.45250255362615,4.38931854662192,3.22442725813512,29.4748285422443,18,6853
"4","4",2790,2446,2175,3876,3879,461,1.67259602990461,1.2846094354215,1.06058262438773,1.90873936581593,1.7220933230214,0.155710234596546,7.80433101314772,6,3879
"5","5",0,9233,1425,956,1071,214,0,1.15292970865374,0.187804613884978,0.126177840355247,0.137658399220188,0.0255604895483591,1.63013105166251,1,9233
"6","6",9485,0,0,6525,6326,0,0.544717519885784,0,0,0.368549867428105,0.348154191311442,0,1.26142157862533,1,19612
"7","7",3183,3093,2774,4235,0,2174,1.41322314049587,1.34025974025974,1.07390791027155,1.64746162927981,0,0.737190082644628,6.21204250295159,5,4235
"8","8",884,763,43,606,919,5867,0.195329810806204,0.156127492756093,0.00818135333219703,0.127663200954491,0.187148457474007,1.08607465484916,1.76052497017215,1,5867
