"","assigned_cluster_6","presence_of_topic1","presence_of_topic2","presence_of_topic3","presence_of_topic4","presence_of_topic5","presence_of_topic6","avg_n_topic1","avg_n_topic2","avg_n_topic3","avg_n_topic4","avg_n_topic5","avg_n_topic6","avg_n_comments","median_n_comments","n_authors"
"1","1",846,656,544,599,2026,2031,0.73313638601674,0.504677498769079,0.392909896602659,0.458887247661251,1.34416543574594,1.25012309207287,4.68389955686854,4,2031
"2","2",10384,0,7531,0,6282,4555,0.483119003878343,0,0.341661563584405,0,0.277485201061441,0.19648907940396,1.29875484792815,1,24495
"3","3",7016,6915,6741,6858,6551,7300,6.45054794520548,5.22068493150685,4.33890410958904,5.36383561643836,4.05534246575342,3.15260273972603,28.5819178082192,17,7300
"4","4",3828,3181,3150,3075,4639,0,1.73873679672343,1.31558525544298,1.18581590860099,1.33369260616512,1.66544513903859,0,7.23927570597111,6,4639
"5","5",0,10675,2600,8924,1757,1892,0,0.720240137221269,0.183018867924528,0.593767867352773,0.116180674671241,0.124528301886792,1.7377358490566,1,17490
"6","6",6029,4006,2122,3544,0,1481,1.49510698291591,0.980096201691823,0.524630950406369,0.842428263393598,0,0.315309338198706,4.1575717366064,4,6029
