"","assigned_cluster_10","presence_of_topic1","presence_of_topic2","presence_of_topic3","presence_of_topic4","presence_of_topic5","presence_of_topic6","avg_n_topic1","avg_n_topic2","avg_n_topic3","avg_n_topic4","avg_n_topic5","avg_n_topic6","avg_n_comments","median_n_comments","n_authors"
"1","1",0,7949,6774,6444,0,0,0,0.482072783959576,0.400365532441004,0.386980594527764,0,0,1.26941891092834,1,18603
"2","2",658,585,440,473,377,5750,0.139652173913043,0.124347826086957,0.0909565217391304,0.0977391304347826,0.0730434782608696,1.06608695652174,1.59182608695652,1,5750
"3","3",1180,1270,1657,0,1046,1828,1.31564551422319,1.24835886214442,1.49234135667396,0,0.927242888402626,1.37472647702407,6.35831509846827,5,1828
"4","4",1608,930,484,1541,1983,1990,1.82412060301508,0.923115577889447,0.436180904522613,1.51356783919598,1.67688442211055,1.43467336683417,7.80854271356784,7,1990
"5","5",2575,2300,2069,3406,3406,0,1.78332354668233,1.39342337052261,1.16382853787434,1.94891368173811,1.75190839694656,0,8.04139753376395,6,3406
"6","6",9566,0,1073,1072,0,2,1.1291030733849,0,0.131298348316956,0.133598160150533,0,0.000209073803052478,1.39420865565545,1,9566
"7","7",3071,4131,1282,0,1961,351,1.08496732026144,1.33962720890825,0.44880174291939,0,0.615105301379811,0.0973129992737836,3.58581457274268,3,4131
"8","8",4923,5165,5169,5169,5169,5169,8.04855871541884,6.57322499516347,5.48384600502999,6.82743277229638,5.19945830915071,3.76146256529309,35.8939833623525,24,5169
"9","9",3176,3093,2774,4228,0,2167,1.41106906338694,1.34247871333964,1.07568590350047,1.64782403027436,0,0.732734153263955,6.20979186376537,5,4228
"10","10",1346,10,966,667,7313,2,0.236291535621496,0.00136742786817995,0.160125803363873,0.108300287159852,1.10118966224532,0.000273485573635991,1.60754820183235,1,7313
