"","assigned_cluster_3","presence_of_topic1","presence_of_topic2","presence_of_topic3","presence_of_topic4","presence_of_topic5","presence_of_topic6","avg_n_topic1","avg_n_topic2","avg_n_topic3","avg_n_topic4","avg_n_topic5","avg_n_topic6","avg_n_comments","median_n_comments","n_authors"
"1","1",11564,12824,10963,7759,7039,7316,0.316593784890212,0.357019910681057,0.295566617045032,0.207085039077038,0.179196129512467,0.185708969110532,1.54117045031634,1,42992
"2","2",6084,1960,1474,5411,5042,831,1.21556806002144,0.398713826366559,0.27438370846731,1.01942658092176,0.897106109324759,0.141077170418006,3.94627545551983,3,7464
"3","3",10455,10649,10251,9830,9174,9112,4.75433726578765,3.93997224149896,3.29207147814018,3.92323039555864,2.99175919500347,2.20402498265094,21.1053955586398,12,11528
